Name,Website,Email Outreach
"Finity High End Detailing - RV Wash & Mobile Car Detailing in Las Vegas, Summerlin & Henderson",https://mobiledetailinghenderson.com/,False
Exclusive Auto Detailing and Ceramic Coating | Mobile Service,https://exclusivemobiledetails.net/,False
High Roller Mobile Detailing,http://www.highrollermobiledetailing.com/,False
Rebirth Auto Detail,http://www.rebirthautodetailing.com/,False
Swangin Auto Detail LLC,http://swanginlvautodetail.com/,False
Detail Central By Mr H,http://detailcentralpros.com/,False
Posh Auto Styling,http://poshautostyling.com/,False
Perfect Finish Detailing (Mobile Detailing And Ceramic Coatings) Las Vegas,https://perfectfinishdetailinglv.com/?utm_source=GBP,False
First Quality auto detailing Services,https://firstqualityservicesnv.com/,False
ALSET Auto Las Vegas,http://alsetauto.com/las-vegas,False
The Best Detail,http://www.thebestdetail.com/,False
Royalty Auto Spa,https://www.royaltyautospa.com/,False
Fabulous Freddy’s,http://www.fabfred.com/,False
Mojo exotics,https://mojoexotics.net/,False
Sin City Mobile Detailing,https://welcome.sincitydetailing.com/,False
R2 Performance,http://r2performance.net/?utm_source=gmb&utm_medium=referral,False
MotoZone,http://motozonemotorsports.com/,False
ShockWave Print,https://shockwaveprint.com/,False
"Daily Details Garage - Ceramic Coating, PPF, Window Tint",http://dailydetailsgarage.com/,False
Exclusive Customs,http://exclusivecustomslasvegas.com/index.html#home,False
GO Car Wash,https://gocarwash.com/location/s-decatur/?referrer=listings,False
5 Star Auto Boutique,http://www.5starautoboutique.com/,False
Green Forest Express Car Wash,https://tropstoplv.com/carwash/,False
Diamond Plus Mobile Detailing,http://diamondplusdetailing.com/,False
Daily Driven Supply Company,https://ddsupply.co/,False
Cody Clark - State Farm Insurance Agent,https://www.codywclark.com/,False
Cruz Auto & Fleet Services Inc,http://www.cruzafs.com/,False
Pristine Auto Lab Auto Detailing and Ceramic Coating,http://www.pristineautolab.com/?utm_source=google&utm_medium=wix_google_business_profile&utm_campaign=4264585779837775492,False
Cargo Detailing Car Detailing Las Vegas,https://cargodetailing.net/,False
Rice Auto Detailing,https://riceautodetailing.com/,False
PROXIMA Mobile Auto Detailing and Ceramic Coating Las Vegas,http://proximaautodetailing.com/,False
Las Vegas Auto Aesthetic,http://lvautoaesthetic.com/,False
LUV Car Wash,https://luvcarwash.com/,False
Diamond Auto Detailing LV,https://diamondautodetailinglv.com/,False
Sprayworks Mobile Scratch and Dent Repair,https://nickspiers661.wixsite.com/autosprayworkslasveg,False
The Specialists Detail Studio,https://www.thespecialistsdetail.com/,False
Tier 1 Autohaus,http://tier1autohaus.com/,False
Tire House Inc,https://www.monthlyflatbedrental.com/,False
Alternative Living Spaces Inc.,http://alternativelivingspaces.com/,False
"Russell Klise, Las Vegas & Henderson Realtor Lic. S.0186890",http://www.yourlasvegasproperty.com/,False
Flawless Touch Auto Spa LV | Mobile Auto Detailing| Auto Detailers Las Vegas,http://www.flawlesstouchautospalv.com/,False
Johnson Auto Detailing,https://johnson-auto-detailing.com/,False
Clean and Shine Detail Car Wash,https://www.cleanandshine702.com/,False
Oasis Auto Care - Professional Mobile Detailing,http://oasisautocare.vegas/,False
Dubon's Auto Detailing,https://www.dubonsautodetailing.com/,False
Lovely Dog Grooming & Daycare,http://www.lovelydoglv.com/,False
LVDetailer Car Detailing Las Vegas,http://lvdetailer.com/,False
Las Vegas Tint Studio,https://lasvegastintstudio.com/?utm_source=GBP&utm_medium=GBP&utm_campaign=GBP,False
Precision Window Tint,https://precisionwindowtint.com/,False
Glassy Business,http://www.glassybusinesslv.com/,False
Busy Buggy Auto Repair,http://busybuggy2.com/,False
Monarch Car Care,http://monarchcarcare.com/,False
Habibi Mobile Car Detailing,https://habibicardetail.com/,False
TOP STAR Mobile Auto Detailing Las Vegas,https://www.topstardetailing.com/,False
Honda West Service Center,https://www.hondawest.net/service/las-vegas.htm?utm_source=google&utm_campaign=GoogleLocalListingService&utm_medium=organic,False
R.B.O Motorsports Window Tinting,https://rbomotorsportslv.com/,False
BMW of Las Vegas Service Center,https://www.bmwvegas.com/service/index.htm?&utm_source=local&utm_medium=organic&utm_campaign=*000012247*GMB,False
Total Eclipse Window Tinting,"https://nvtint.com/?utm_source=local&utm_medium=organic&utm_campaign=gmb&utm_term=window-tinting&utm_content=las%20vegas,%20nv",False
Colimas Auto Detail,https://colimasautodetail.com/,False
DETAIL CITY Las Vegas,http://detailcitylv.com/,False
SEVEN STARS Mobile Car Detailing Las Vegas,http://sevenstarsdetailing.com/,False
One Call Mobile Detailing,https://www.one-call-mobile-detailing.com/,False
Joe's Mobile Detailing,https://joesmobiledetailing.com/,False
Arco Hand Car Wash,http://arcohandcarwash.com/,False
vitec auto detailing,https://vitecautodetailing.com/,False
Immaculate Auto Detailing and Ceramic Coating,https://www.immaculateautodetailing.net/,False
Shoke Auto Detailing,https://shokeautodetailinglv.com/,False
Rinse a Rig Fleet Wash,http://rinsearig.com/,False
K & K Mobile Detailing Services LLC.,https://lakiesham7640.wixsite.com/kkmobiledetailing/blog,False
Silva Detailing,https://silvadetailing.com/,False
"Clean Living Pool and Spa, LLC",https://www.cleanlivingpoolandspa.com/?utm_source=Google&utm_medium=Organic&utm_campaign=GMB,False
Watson Homes Inspection,https://watsonhomesinspection.com/,False
Le Fave Auto Detailing,https://lefave-auto-detailing.ueniweb.com/?utm_campaign=gmb,False
Laurias Mobile Car Detailing,https://www.lauriasmobiledetailing.com/,False
702 Auto Detailing LLC,https://702autodetailing.pro/,False
💎#1 LUXURIOUS Mobile Detailing,https://luxuriouswash.com/,False
Amazingly Klean Mobile Detailing and Pressure Washing,http://amazinglyklean.com/,False
Clean N Go mobile service,http://www.cleanngolasvegas.com/,False
Milkyway Detailz,https://milkywaydetailz.setmore.com/,False
The Concours Detail (Las Vegas Mobile Detailing),https://www.concoursdetaillv.com/,False
Deep Detailing LLC,http://deepdetailingllc.com/,False
Country Club Auto Spa,https://countryclubautospa.com/,False
A13 Auto Detail,https://a13detail.wixsite.com/home,False
Royal Flush Auto Detailing,https://royalflushad.com/,False
Tommy's Express® Car Wash,https://tommys-express.com/locations/nv137?utm_source=GMB&utm_medium=Yext&y_source=1_NjExODk3NTYtNzE1LWxvY2F0aW9uLndlYnNpdGU%3D,False
GO Car Wash,https://gocarwash.com/location/s-nellis/?referrer=listings,False
Las Vegas Car Detailing,https://lasvegascardetailing.co/,False
Rivas Pro Detail Vegas,https://www.rivasprodetail.com/,False
Aces Mobile Detail,http://acesmobiledetaillv.com/,False
Foam Worxs Auto Spa,https://foamworxsdetail.com/,False
Beyond Mobile Detailing,https://beyondmobiledetailing.com/,False
DMA Solutionz,https://dmasolutionz.godaddysites.com/,False
Master Tech Automotive & Cycle Repair,https://www.hendersonautomobilerepairshop.com/?y_source=1_NjMzOTg2MS03MTUtbG9jYXRpb24ud2Vic2l0ZQ%3D%3D,False
Etiquette Systems (Las Vegas Labels),https://www.etiquettesystems.com/,False
VIP Collision,http://vipcollisionlv.com/,False
Proshop Motorsports & Marine,https://www.proshoplv.com/?utm_source=google&utm_medium=organic&utm_campaign=GMB-service,False
Bob Roses Detailing,https://www.bobrosesceramiccoatings.com/,False
Aqualine Performance,http://aqualineperf.com/,False
BWA Detailing,http://bwadetailing.com/,False
VegasDetialingBrothers,https://vegasdetialingbrothers.com/,False
Las Vegas Detail Supplies,http://spotfreewaterlv.com/,False
Agape Health & Fitness,http://www.agapehealthlv.com/,False
RFX Automotive,https://rfxautomotive.com/,False
Champion Dent Removal,https://www.championdentremoval.com/,False
Tommy's Express® Car Wash,https://tommys-express.com/locations/nv202?utm_source=GMB&utm_medium=Yext&y_source=1_NTA5OTY0MTYtNzE1LWxvY2F0aW9uLndlYnNpdGU%3D,False
Vegas Customs,https://vegascustoms.com/,False
Senior Medicare Reviews - Medicare & Health/Life Insurance Broker - Nick Boushay,https://www.seniormedicarereviews.com/?utm_source=gmb&utm_medium=organic,False
All Who Wander Travel Co,https://www.allwhowandertravelco.com/,False
Spiffy,http://www.getspiffy.com/,False
CEI Auto Glass,https://ceiautoglass.com/,False
Triton Auto Care,http://www.tritonautocare.com/,False
TheCarWiz,http://www.thecarwiz.com/,False
Team 1 Auto Care,http://team1autocare.com/,False
Santis Auto Detailing LLC.,http://www.santisdetailing.com/,False
NV Locksmith LLC,https://www.nvlocksmithllc.com/,False
Tempur-Pedic Flagship Store,https://www.tempurpedic.com/tempur-pedic-stores/tempur-pedic-las-vegas/?utm_source=Google&utm_medium=Yext&y_source=1_MjUwMjYyMjUtNzE1LWxvY2F0aW9uLndlYnNpdGU%3D,False
"iPride Notary, Fingerprinting & Apostilles",https://www.ipridenotary.com/,False
LMS Auto Body & Paint Inc.,https://www.bodyshoplasvegas.com/collisionrepairshoplasvegas/,False
Thomas Automotive,http://www.thomasautolv.com/,False
Magic Mobile Car Wash,http://www.magicmobilecarwashco.com/,False
1stchoicemobiledetailing,https://firstchoicemobiled4.wixsite.com/1stchoicemobiledetai,False
Tommy's Express® Car Wash,https://tommys-express.com/locations/nv15/?utm_source=GMB&utm_medium=Yext&y_source=1_MTU1ODIxODktNzE1LWxvY2F0aW9uLndlYnNpdGU%3D,False
"FASTSIGNS of Las Vegas, NV - Northwest",https://www.fastsigns.com/northwest-las-vegas-nv/,False
GO Car Wash,https://gocarwash.com/location/Tropicana/?referrer=listings,False
Upper Echelon Mobile Detail LLC,http://www.upperechelonmobiledetail.com/,False
Vegas Sudz & Steam,http://www.sudzandsteam.com/,False
New Nevada Detailing,https://www.newnevadadetailing.com/,False
Reach Auto Detailing,http://reachautodetailing.com/,False
S&M Auto Body & Paint,http://smautobodyandpaint.com/,False
"Buff""n Stuff Detailing",http://www.buffnstuffvegas.com/,False
Paint Protection Film Las Vegas LFL,https://www.lasvegaspaintprotectionfilm.com/,False
Urban Motion Detailing LLC,https://urbanmotiondetail.wixsite.com/detail,False
"Midnight Tint - Auto, Residential and Commercial, PFF and Ceramic Coating",https://midnighttint8.godaddysites.com/,False
Sin City Detail,https://sincitydetail.com/,False
Stotz Equipment,https://www.stotzequipment.com/our-company/locations/las-vegas-nv/,False
NV Registration DMV Services,https://www.nvregistration.com/,False
L.A. Insurance,https://www.lainsurance.com/?utm_source=gmb&utm_medium=yext,False
PERFORMANCE RV SERVICE & TRANSPORT,http://leorvllc.com/,False
One Small Mobile Car Wash,https://one-small-mobile-car-wash.ueniweb.com/?utm_campaign=gmb,False
