Name,Email,Phone,Website
Infinity Heating and Cooling,admin@infinitycools.vegas,(702) 291-2000,http://infinitycools.vegas/
Nevada Residential Services Air Conditioning & Heating,info@nrs.vegas,(702) 899-3249,https://nrs.vegas/
ECO Friendly Air Conditioning & Heating,contact@ecofriendlyair.com,(702) 707-4916,https://ecofriendlyair.com/las-vegas/?utm_source=google&utm_medium=profile&utm_campaign=gbp
Advanced Cooling & Heating,info@advancedhvaclv.com,(702) 771-4460,http://www.advancedhvaclv.com/
Simply Cooling Heating & Plumbing,office@simplyac.net,(702) 673-4899,https://simplyairconditioningandheating.com/
Sun City Heating & Cooling Inc,service@suncityheatingandcooling.com,(702) 873-1217,http://www.suncityheatingandcooling.com/?utm_source=gbp&utm_medium=organic&utm_campaign=website-link
Hot Cold Air Inc.,lvhotcoldair@gmail.com,(702) 409-2886,http://vegashotcoldair.com/
Hollywood Air HVAC Heating & Cooling,info@hollywoodairhvac.com,(702) 202-8036,https://hollywoodairhvac.com/
Fetch-A-Tech Plumbing Heating & Air,leads@fetch-a-tech.com,(702) 297-7943,https://fetch-a-tech.com/?utm_source=GBP&utm_medium=organic
Allstate HVAC Las Vegas,info@allstateservicegroup.com,(702) 518-4720,https://allstateservicegroup.com/air-conditioning/
Alpha Air Conditioning Repair & Installation,info@alphaairvegas.com,(702) 969-0000,https://alphaairvegas.com/
Air Pro Master Air Conditioning Repair & Installation,"info@airpromaster.com,codlv@airpromaster.com",(702) 935-5622,https://airpromaster.com/
ProZone Air Conditioning and Heating Repair,info@prozone.vegas,(702) 935-6360,https://www.prozone.vegas/
Air Tech,acairtech1llc@gmail.com,(702) 688-2885,http://www.airtech1llc.com/
Air Done Right,support@airdonerightnow.com,(702) 222-9754,http://www.airdonerightlv.com/
Fast Affordable Air,"info@fastaffordableair.com,service@fastaffordableair.com",(702) 903-3278,http://fastaffordableair.com/
"Discount Air Conditioning & Heating, Inc","discountairlv@aol.com,admin@smartwealthcapital.com,clients@kraftoutsourcing.com",(702) 747-5933,https://www.discountairlv.com/
URBN - Las Vegas HVAC Service,office@urbnhs.com,(702) 878-8367,https://urbnhvac.com/
Evolve Air Conditioning and Heating,info@evolveacandheating.com,(702) 809-6617,https://evolveacandheating.com/
"Hawthorne Plumbing, Heating and Cooling",ghawthorne@hawthornephc.com,(702) 871-1005,https://www.hawthornephc.com/
Sky Air & Heat,marlon@skyairlv.com,(702) 272-1841,https://www.skyairlv.com/
ICE Heating Cooling & Plumbing Repair Las Vegas,info@iceaclv.com,(702) 820-2184,https://www.iceaclv.com/
The Future Of Heating and Cooling LLC,contact@tfohcooling.com,(702) 666-4242,https://tfohcooling.com/
Mastermind Heating And Air,info@mastermindedheatingandair.com,(702) 766-8114,http://www.mastermindheatingandair.com/
Mr. Gates Heating and Cooling,mrgates702@gmail.com,(702) 600-3737,http://www.mrgateshvac.com/
Honest HVAC Installation & Repair,info@bestlasvegashvacrepair.com,(725) 677-5272,https://bestlasvegashvacrepair.com/arroyo-crossing-spring-valley-ac-installation-repair
Air Treatment Corporation,info@airtreatment.com,(702) 778-1418,https://www.airtreatment.com/
Go Green Heating & Cooling,office@gogreenvegas.com,(702) 766-1166,https://gogreenvegas.com/?utm_source=Google&utm_medium=SERP&utm_campaign=GMB
EVM Heating & Cooling LLC,evm2023@icloud.com,(725) 305-7439,http://evmheatingandcooling.com/
"T S Mechanical, Air Conditioner Heater repair replacement service.",tsmechanical@tsmep.com,(702) 370-0798,http://www.tsmep.com/
Duct-Pro,info@duct-pro.com,(702) 583-3742,https://duct-pro.com/
Airmaster,airmasterlv@gmail.com,(702) 964-8587,http://www.airmasterlv.com/
BruceAC Cooling & Heating & AC repair & AC installation,hxybclz@gmail.com,(702) 819-8777,http://bruceac.com/
iCool Heating & Cooling,icoolvegas@gmail.com,(702) 840-8989,https://icoolvegas.com/
Reliant Plumbing Heating and Air,chris@reliantquality.com,(702) 473-0450,http://relianthomeserviceshvacandplumbing.jobbersites.com/
Revolff Dryer Vent Cleaning,info@ventcleaningvegas.com,(702) 745-6999,https://ventcleaningvegas.com/
"Tru Air, Ltd",truairlv@gmail.com,(725) 900-3161,http://www.truairlv.com/
"Breezy Blast, LLC",service@breezyblast.com,(702) 410-7712,https://www.breezyblast.com/
EFA Air Conditioning and Heating,contact@acrepairhenderson.com,(702) 609-9990,https://acrepairhenderson.com/
Nevada pure air,info@nevadapureair.com,(702) 843-7077,https://nevadapureair.com/
Xcellence Cooling and Heating,xcoolingandheating@gmail.com,(702) 401-2946,https://xcellencecoolingandheating.com/contact-us/
Sonic Air,info@sonicairlv.com,(702) 482-8218,https://sonicairlv.com/
King Solomon Air Duct Vegas,ikapach8@gmail.com,(702) 553-8470,https://airductvegas.com/
Ricky's Repair Services,rlgaskinsjr@gmail.com,(702) 538-3685,https://rickys-repair-services.ueniweb.com/?utm_campaign=gmb
FrostFire,frostfirelv@gmail.com,(702) 808-6867,https://frostfirelv.com/
I am Mechanics,iammechanicslv@gmail.com,(702) 812-9824,https://www.iammechanicslv.com/
Above The Rest Air,abovetherestair@live.com,(702) 480-4995,http://www.abovetherestair.com/
AC PLUS,info@acpluslv.com,(702) 241-7294,http://acpluslv.com/
High Temp Air Conditioning Inc.,service@hightempair.com,(702) 606-9886,http://hightempair.com/
Technoclima LLC.,"micah@micahrich.com,filler@godaddy.com,technoclimalv@gmail.com",(702) 336-4245,https://technoclimalv.com/
Cool Concepts Inc,office@coolconceptsusa.com,(702) 395-0123,http://www.coolconceptsusa.com/
Covenant Mechanical Services,service-nv@mechanicalgroup.us,(702) 901-3536,https://www.covenantmechanical.com/
32 Degrees Heating and Air Conditioning,office@32degreeslv.com,(702) 635-9505,https://www.32degreeslv.com/
ClearView HVAC,clearviewhvac1@hotmail.com,(702) 469-6120,https://clearviewhvac.com/
"Climate Concierge, LLC",hvac@climate-concierge.com,(725) 229-1209,https://climate-concierge.com/
Air Care Heating & Cooling LLC.,aircare1@yahoo.com,(702) 541-0271,http://aircarelasvegas.com/
Raydan Heating & Air Conditioning,raydanhvac@gmail.com,(702) 762-5184,https://www.raydanhvac.com/?utm_source=GMB
Reliance Heating & Cooling,"impallari@gmail.com,team@latofonts.com,filler@godaddy.com",(702) 350-9072,http://reliancecoollv.com/
Sun Valley Air LLC,contact@sunvalleyairhvac.com,(702) 684-1403,http://www.sunvalleyairhvac.com/
Airria Climate Systems,info@wecareacrepair.com,(702) 328-3002,http://www.wecareacrepair.com/
Support Refrigeration Inc.,support@supportrefrigerationinc.com,(702) 505-0636,http://supportrefrigerationinc.com/
"Drymaxxair Solutions, LLC",sales@drymaxxair.com,(725) 204-6660,https://drymaxxair.com/
Gold Medal Service,"dispatch@goldmedalair.com,tmagel@goldmedalair.com",(702) 489-2100,https://www.goldmedalair.com/
Dali Heating & Air Conditioning,support@dalihvac.com,(725) 294-6010,https://www.dalicools.com/
Build and Move LLC Handyman,support@buildandmove.com,(702) 327-0005,http://www.buildandmove.com/
ASE HVACR,info@fixmyac.vegas,(702) 655-3851,http://fixmyac.vegas/
Heating & Cooling Supply,"chartzell@gemaire.com,vsantino@gemaire.com,101@gemaire.com,jtinline@gemaire.com,sgordon@gemaire.com,john.zartman@gemaire.com,james.carrese@gemaire.com,103@gemaire.com,mlloyd@gemaire.com,rhopkins@gemaire.com,veguizabal@gemaire.com,mholland@gemaire.com,deffertz@gemaire.com,adam.cristman@gemaire.com,erik.johnson@gemaire.com,rivierasales@gemaire.com,lemuel.knowles@gemaire.com,mkyger@gemaire.com,bobrien@gemaire.com,mpena@gemaire.com,jrobles@gemaire.com,jleotaud@gemaire.com,apennell@gemaire.com,daniel.kopp@gemaire.com,mark.deutsch@gemaire.com,maryanne.lopez@gemaire.com,ascorzelli@gemaire.com,109@gemaire.com,cpena@gemaire.com,dokeefe@gemaire.com,pahern@gemaire.com,111@gemaire.com,apardo@gemaire.com,rmorales@gemaire.com,jpaniagua@gemaire.com,mcabrera@gemaire.com,alejandro.quintero@gemaire.com,pmoreno@gemaire.com,pperez@gemaire.com,resparza@gemaire.com,juan.fontana@gemaire.com,juan.pino@gemaire.com,jlalvarez@gemaire.com,resparzas@gemaire.com,jdenis@gemaire.com,jose.ling@gemaire.com,cesar.moya@gemaire.com,aherrero@gemaire.com,mtoledo@gemaire.com,alejandro.lucero@gemaire.com,nhernandez@gemaire.com,grasmussen@gemaire.com,juan.rivera@gemaire.com,jpalvarez@gemaire.com,cgrimaldi@gemaire.com,isaac.abraham@gemaire.com,milagros.torres@gemaire.com,alfonso.herrero@gemaire.com,jorge.irias@gemaire.com,gabriel.vecin@gemaire.com,osmani.sanchez@gemaire.com,jose.govea@gemaire.com,sergio.ovalle@gemaire.com,113@gemaire.com,lsoto@gemaire.com,thowie@gemaire.com,151@gemaire.com,gfadely@gemaire.com,marcus.thurston@gemaire.com,153@gemaire.com,gwilliams@gemaire.com,david.wallingford@gemaire.com,155@gemaire.com,jlane@gemaire.com,mlaforest@gemaire.com,157@gemaire.com,jstein@gemaire.com,ryan.schulz@gemaire.com,ssprague@gemaire.com,yousif.saleh@gemaire.com,john.noble@gemaire.com,159@gemaire.com,bswenson@gemaire.com,161@gemaire.com,mrambo@gemaire.com,richard.kupser@gemaire.com,darren.combs@gemaire.com,mfreeman@gemaire.com,163@gemaire.com,mphillips@gemaire.com,dthatcher@gemaire.com,carlos.gomez@gemaire.com,165@gemaire.com,melody.mickeletto@gemaire.com,ssosnoski@gemaire.com,james.money@gemaire.com,201@gemaire.com,eshelton@gemaire.com,james.bingham@gemaire.com,slove@gemaire.com,greg.boggs@gemaire.com,ctchebanoff@gemaire.com,dhart@gemaire.com,dcochran@gemaire.com,mrogers@gemaire.com,michael.mack@gemaire.com,nicholas.delgatti@gemaire.com,joshua.saad@gemaire.com,ecosme@gemaire.com,charlton.craig@gemaire.com,jim.poole@gemaire.com,max.hoyt@gemaire.com,brad.brubaker@gemaire.com,chuck.blair@gemaire.com,jose.montesino@gemaire.com,anthony.palomo@gemaire.com,jesus.claudio@gemaire.com,steadman.clemetson@gemaire.com,hector.sanchez@gemaire.com,mario.nieves@gemaire.com,208@gemaire.com,rtaylor@gemaire.com,tmckenzie@gemaire.com,emorris@gemaire.com,251@gemaire.com,cdaly@gemaire.com,gjernigan@gemaire.com,253@gemaire.com,chad.malo@gemaire.com,255@gemaire.com,tom.crutchfield@gemaire.com,257@gemaire.com,nicholas.horvath@gemaire.com,204@gemaire.com,chouse@gemaire.com,mike.tchebanoff@gemaire.com,206@gemaire.com,kconnell@gemaire.com,arodriguez@gemaire.com,sgoodwin@gemaire.com,ewetzler@watsco.com,rmessier@gemaire.com,ofumagali@watsco.com,ewetzler@gemaire.com,jtripp@gemaire.com,mchitty@gemaire.com,ctottenhoff@gemaire.com,fsuranyi@gemaire.com,etokarski@gemaire.com,rcarter@gemaire.com,abrown@gemaire.com,jack.betancourt@gemaire.com,tspecht@gemaire.com,flcallcentergroup@gemaire.com,jpatino@gemaire.com,eric.burns@gemaire.com,154@gemaire.com,chris.evans@gemaire.com,cassidy.moore@gemaire.com,701@gemaire.com,702@gemaire.com,catherine.crowe@gemaire.com,ssetzer@gemaire.com,703@gemaire.com,barry.black@gemaire.com,joseph.deluca@gemaire.com,emily.shannon@gemaire.com,sbauer@gemaire.com,wayne.gerringer@gemaire.com,704@gemaire.com,nsmith@gemaire.com,evan.mcintosh@gemaire.com,cody.cantwell@gemaire.com,jpage@hvacgroup.com,705@gemaire.com,gregg.cuesta@gemaire.com,matthew.kirkland@gemaire.com,joseph.bartholomew@gemaire.com,706@gemaire.com,robert.nolen@gemaire.com,achamberlin@gemaire.com,156@gemaire.com,indiantrailsales@gemaire.com,ivalle@gemaire.com,jesus.suarez@gemaire.com,jessica.depena@gemaire.com,116@gemaire.com,whall@gemaire.com,okey.wilson@gemaire.com,chandler.williams@gemaire.com,brant.hoyer@gemaire.com,russell.compton@gemaire.com,yoshiki.mirasol@gemaire.com,708@gemaire.com,lanayah.mccullouch@gemaire.com,jleavy@gemaire.com,matt.waters@gemaire.com,711@gemaire.com,mburner@gemaire.com,712@gemaire.com,monty.hilliard@gemaire.com,gwelty@gemaire.com,lanny.moore@gemaire.com,drew.varner@gemaire.com,713@gemaire.com,mel.paris@gemaire.com,michael.haislip@gemaire.com,709@gemaire.com,pete.lopez@gemaire.com,dylan.goertz@gemaire.com,613@gemaire.com,kevin.smits@gemaire.com,billy.yarbrough@gemaire.com,yara.soto@gemaire.com,631@gemaire.com,brian.decuir@gemaire.com,632@gemaire.com,jhernandez@gemaire.com,633@gemaire.com,christopher.gideon@gemaire.com,cnelson@gemaire.com,brandon.bartolowits@gemaire.com,634@gemaire.com,sabrina.sample@gemaire.com,craig.lemay@gemaire.com,preston.preas@gemaire.com,hunter.foght@gemaire.com,scott.james@gemaire.com,635@gemaire.com,james.robinson@gemaire.com,octavio.zuniga@gemaire.com,jonnathan.colmenarez@gemaire.com,652@gemaire.com,bryan.webb@gemaire.com,craig.reeves@gemaire.com,phil.oglesby@gemaire.com,tgerbec@gemaire.com,653@gemaire.com,cmeyer@gemaire.com,654@gemaire.com,671@gemaire.com,arnold.ramirez@gemaire.com,jose.garcia1@gemaire.com,672@gemaire.com,troy.mcbride@gemaire.com,636@gemaire.com,tina.haas@gemaire.com,638@gemaire.com,sarah.goodman@gemaire.com,jbeaty@gemaire.com,bschinabeck@gemaire.com,106@gemaire.com,714@gemaire.com,chris.arnce@hvacgroup.com,alexander.millar@hvacgroup.com,811@gemaire.com,mkane@hvacgroup.com,812@gemaire.com,matt.kostos@hvacgroup.com,jramirez@hvacgroup.com,813@gemaire.com,chris.marshall@hvacgroup.com,ralph.ortega@hvacgroup.com,marc.godown@hvacgroup.com,lorena.garcia@hvacgroup.com,815@gemaire.com,christian.hornsby@hvacgroup.com,joseph.perez@hvacgroup.com,817@gemaire.com,mark.baker@hvacgroup.com,howard.newman@hvacgroup.com,821@gemaire.com,michael.allen@hvacgroup.com,822@gemaire.com,thomas.addeo@hvacgroup.com,juan.hurtado@hvacgroup.com,823@gemaire.com,mike.heuring@hvacgroup.com,ara.abarian@hvacgroup.com,brandi.fettkether@hvacgroup.com,824@gemaire.com,rami.k@hvacgroup.com,bret.macinness@gemaire.com,825@gemaire.com,gustavo.camarillo@hvacgroup.com,andres.martinez@hvacgroup.com,826@gemaire.com,mshelton@gemaire.com,marshall.hamrick@hvacgroup.com,matthew.montez@hvacgroup.com,frank.salaz@hvacgroup.com,831@gemaire.com,rdelacerda@hvacgroup.com,travis.carter@hvacgroup.com,chris.richardson@hvacgroup.com,832@gemaire.com,abel.paredez@hvacgroup.com,bailey.eby@hvacgroup.com,833@gemaire.com,nick.owens@hvacgroup.com,daniel.gustafson@hvacgroup.com,834@gemaire.com,jason.meyers@hvacgroup.com,stiche@gemaire.com,whorbaly@gemaire.com,michael.mccauley@gemaire.com,835@gemaire.com,david.farley@hvacgroup.com,mitchell.kurker@hvacgroup.com,scott.french@hvacgroup.com,841@gemaire.com,eric.johnson@hvacgroup.com,hlynch@gemaire.com,noah.haffery@hvacgroup.com,megan.verbanick@gemaire.com,tom.diab@hvacgroup.com,michael.simmons@gemaire.com,douglas.brauer@hvacgroup.com,angela.heikkila@hvacgroup.com,alec.oberhaus@hvacgroup.com,842@gemaire.com,sarviso@hvacgroup.com,844@gemaire.com,ruben.escobar@hvacgroup.com,845@gemaire.com,jerome.winters@hvacgroup.com,brian.jensen@hvacgroup.com,suzy.dempsey@hvacgroup.com,848@gemaire.com,jsindt@gemaire.com,263@gemaire.com,ryan.renshaw@gemaire.com,martin.a.estrada@gemaire.com,henrry.pu@gemaire.com,pj.disharoon@gemaire.com,619@gemaire.com,jerome.flores@gemaire.com,618@gemaire.com,jaime.medina@gemaire.com,eddie.salazar@gemaire.com,bryan.teran@gemaire.com,674@gemaire.com,658@gemaire.com,kmaberry@gemaire.com,657@gemaire.com,richard.greer@gemaire.com,655@gemaire.com,108@gemaire.com,162@gemaire.com,724@gemaire.com,207@gemaire.com,725@gemaire.com,brett.goodrich@gemaire.com,gabriel.babineaux@gemaire.com,rosenbergsales@gemaire.com,118@gemaire.com,846@gemaire.com,cf.rnc@gemaire.com,austinsouthsales@gemaire.com,715@gemaire.com,158@gemaire.com,828@gemaire.com,tyler.reynolds@hvacgroup.com,838@gemaire.com,849@gemaire.com,rbarnett@kaisersupply.com,jratcliff@acmeref.com,gaston@acmeref.com,gonzalessales@gemaire.com,gsexton@acmeref.com,br2sales@gemaire.com,slidellsales@gemaire.com,hammondsales@gemaire.com,lafayettesales@gemaire.com,newiberiasales@gemaire.com,adam.verrett@acmeref.com,lakecharlessales@gemaire.com,alexandriasales@gemaire.com,natchitochessales@gemaire.com,bo@acmeref.com,tammy.cannon@acmeref.com,br3sales@gemaire.com,zacharysales@gemaire.com,mandevillesales@gemaire.com,tray@acmeref.com,jacksonsales@gemaire.com,lucas.gallioto@kaisersupply.com,harahansales@gemaire.com,harveysales@gemaire.com,neworleanssales@gemaire.com,harry.ferguson@gemaire.com,587@gemaire.com,justin.hadley@acmeref.com,588@gemaire.com,hunter.roberts@gemaire.com,660@gemaire.com,marty.salyars@gemaire.com,716@gemaire.com,839@gemaire.com,brett.ponder@gemaire.com,728@gemaire.com,support@gemaire.com",(702) 798-1234,https://www.heatingandcooling.com/
Sunbelt Rentals Power & HVAC,hugo.salazar@sunbeltrentals.com,(702) 415-2678,https://www.sunbeltrentals.com/location/nv/las-vegas/power-hvac-equipment-rentals/655/?utm_source=gmb&utm_medium=organic&utm_campaign=pc655&y_source=1_MTc2MDYwMjEtNzE1LWxvY2F0aW9uLndlYnNpdGU%3D
US Mechanical,jbylund@usmechanicalllc.com,(702) 870-9609,http://www.usmechanicalllc.com/
Padillas Services,filler@godaddy.com,(702) 287-4708,https://padillasservices.com/contact
"Bishop Air Service | Air Conditioning, Heating & Refrigeration Service Las Vegas",dispatch@bishopair.com,(702) 565-9800,https://www.bishopair.com/
Cool Camel HVAC & Refrigeration,coolcamelhvac@outlook.com,(725) 777-6900,https://coolcamelhvac.com/
"Desert Comfort AC & Heating, LLC",rick@desertcomfortac.com,(702) 566-9294,https://www.desertcomfortac.com/
Horizon Air,info@horizonairlv.com,(702) 565-5625,https://www.horizonairlv.com/
ACE Air Conditioning & Heating,eben@eyebytes.com,(702) 372-3471,http://aceairlv.com/
"Elite Plumbing, Heating & Air Conditioning",info@eliteheatingandac.com,(702) 263-2665,https://www.eliteheatingandacrepair.com/
One Hour Air Conditioning & Heating® of Las Vegas,"retailmarketing@authoritybrands.co,onehour_lasvegas@sunlandusaleads.com,scorpionleads@sunlandusaleads.com,stacie.hutchens@authoritybrands.co,fhunt@authoritybrandsllc.com",(702) 602-8801,https://www.onehourheatandair.com/las-vegas/?utm_source=organic&utm_medium=GBP&utm_campaign=gbp_main
Right Now Air,service@rightnowair.com,(702) 362-6161,https://www.rightnowair.com/?utm_source=google&utm_medium=organic&utm_campaign=gbp
"TJ Air Conditioning, Heating And Refrigeration",tjairvegas@gmail.com,(702) 883-6165,http://www.tjairvegas.com/
Caribbean Heating And Cooling,caribbeanheatingandcooling@gmail.com,(702) 480-0339,https://caribbeanac.com/
Dryer Fires LV,dryerfireslv@gmail.com,(702) 830-0911,http://dryerfireslv.com/
snarsca,info@snarsca.com,(702) 798-5156,http://www.snarsca.com/Contact
A-Tech Heating & Cooling,hvacbrad@yahoo.com,(702) 489-5500,http://www.a-techheatingandcooling.com/
American Residential HVAC,ahooverhvac@gmail.com,(702) 600-3291,http://www.american-residential-hvac.com/
"Mechanical Plus, LLC",info@mechanicalplushvac.com,(702) 805-5588,https://www.mechanicalplushvac.com/?utm_campaign=gmb
Bob's Repair Solar Las Vegas,info@bobsrepair.com,(702) 723-2720,https://solar.bobsrepair.com/
Henderson Air Duct Cleaning,hendersonairduct@gmail.com,(702) 884-2834,https://hendersonairduct.com/?y_source=1_MTAxNjkyNTI2OS03MTUtbG9jYXRpb24ud2Vic2l0ZQ%3D%3D
Cool Guys llc. 24 hr. Heating and Cooling,customerservice@paramountserviceslv.com,(702) 545-0100,http://www.coolguyslv.com/
Premier HVAC Services,"contact@sansoxygen.com,eben@eyebytes.com",(702) 600-9585,https://premierhvaclv.com/
Corporate Air Mechanical Services (CAMS),service@camslv.com,(702) 739-9330,http://www.camslv.com/
Active Plumbing & Air Conditioning,service@activeplumbinginc.com,(702) 887-1971,https://activeplumbingandair.com/
Number One Plumbing Heating & Air Conditioning,dispatch@numberonelv.com,(702) 558-2282,http://numberonelv.com/
Vegas Knight Air AC & Heating,j.halverson@vegasknightair.com,(702) 899-5029,https://vegasknightair.com/
"Anytime Plumbing, Heating & Cooling",info@anytimeplumbingvegas.com,(725) 213-6105,https://anytimeplumbingvegas.com/
Axis Portable Air,careers@axisair.com,(702) 444-3835,https://www.axisair.com/
Heating & Cooling Supply,"chartzell@gemaire.com,vsantino@gemaire.com,101@gemaire.com,jtinline@gemaire.com,sgordon@gemaire.com,john.zartman@gemaire.com,james.carrese@gemaire.com,103@gemaire.com,mlloyd@gemaire.com,rhopkins@gemaire.com,veguizabal@gemaire.com,mholland@gemaire.com,deffertz@gemaire.com,adam.cristman@gemaire.com,erik.johnson@gemaire.com,rivierasales@gemaire.com,lemuel.knowles@gemaire.com,mkyger@gemaire.com,bobrien@gemaire.com,mpena@gemaire.com,jrobles@gemaire.com,jleotaud@gemaire.com,apennell@gemaire.com,daniel.kopp@gemaire.com,mark.deutsch@gemaire.com,maryanne.lopez@gemaire.com,ascorzelli@gemaire.com,109@gemaire.com,cpena@gemaire.com,dokeefe@gemaire.com,pahern@gemaire.com,111@gemaire.com,apardo@gemaire.com,rmorales@gemaire.com,jpaniagua@gemaire.com,mcabrera@gemaire.com,alejandro.quintero@gemaire.com,pmoreno@gemaire.com,pperez@gemaire.com,resparza@gemaire.com,juan.fontana@gemaire.com,juan.pino@gemaire.com,jlalvarez@gemaire.com,resparzas@gemaire.com,jdenis@gemaire.com,jose.ling@gemaire.com,cesar.moya@gemaire.com,aherrero@gemaire.com,mtoledo@gemaire.com,alejandro.lucero@gemaire.com,nhernandez@gemaire.com,grasmussen@gemaire.com,juan.rivera@gemaire.com,jpalvarez@gemaire.com,cgrimaldi@gemaire.com,isaac.abraham@gemaire.com,milagros.torres@gemaire.com,alfonso.herrero@gemaire.com,jorge.irias@gemaire.com,gabriel.vecin@gemaire.com,osmani.sanchez@gemaire.com,jose.govea@gemaire.com,sergio.ovalle@gemaire.com,113@gemaire.com,lsoto@gemaire.com,thowie@gemaire.com,151@gemaire.com,gfadely@gemaire.com,marcus.thurston@gemaire.com,153@gemaire.com,gwilliams@gemaire.com,david.wallingford@gemaire.com,155@gemaire.com,jlane@gemaire.com,mlaforest@gemaire.com,157@gemaire.com,jstein@gemaire.com,ryan.schulz@gemaire.com,ssprague@gemaire.com,yousif.saleh@gemaire.com,john.noble@gemaire.com,159@gemaire.com,bswenson@gemaire.com,161@gemaire.com,mrambo@gemaire.com,richard.kupser@gemaire.com,darren.combs@gemaire.com,mfreeman@gemaire.com,163@gemaire.com,mphillips@gemaire.com,dthatcher@gemaire.com,carlos.gomez@gemaire.com,165@gemaire.com,melody.mickeletto@gemaire.com,ssosnoski@gemaire.com,james.money@gemaire.com,201@gemaire.com,eshelton@gemaire.com,james.bingham@gemaire.com,slove@gemaire.com,greg.boggs@gemaire.com,ctchebanoff@gemaire.com,dhart@gemaire.com,dcochran@gemaire.com,mrogers@gemaire.com,michael.mack@gemaire.com,nicholas.delgatti@gemaire.com,joshua.saad@gemaire.com,ecosme@gemaire.com,charlton.craig@gemaire.com,jim.poole@gemaire.com,max.hoyt@gemaire.com,brad.brubaker@gemaire.com,chuck.blair@gemaire.com,jose.montesino@gemaire.com,anthony.palomo@gemaire.com,jesus.claudio@gemaire.com,steadman.clemetson@gemaire.com,hector.sanchez@gemaire.com,mario.nieves@gemaire.com,208@gemaire.com,rtaylor@gemaire.com,tmckenzie@gemaire.com,emorris@gemaire.com,251@gemaire.com,cdaly@gemaire.com,gjernigan@gemaire.com,253@gemaire.com,chad.malo@gemaire.com,255@gemaire.com,tom.crutchfield@gemaire.com,257@gemaire.com,nicholas.horvath@gemaire.com,204@gemaire.com,chouse@gemaire.com,mike.tchebanoff@gemaire.com,206@gemaire.com,kconnell@gemaire.com,arodriguez@gemaire.com,sgoodwin@gemaire.com,rmessier@gemaire.com,ewetzler@gemaire.com,jtripp@gemaire.com,mchitty@gemaire.com,ctottenhoff@gemaire.com,fsuranyi@gemaire.com,etokarski@gemaire.com,rcarter@gemaire.com,abrown@gemaire.com,jack.betancourt@gemaire.com,tspecht@gemaire.com,flcallcentergroup@gemaire.com,jpatino@gemaire.com,eric.burns@gemaire.com,154@gemaire.com,chris.evans@gemaire.com,cassidy.moore@gemaire.com,701@gemaire.com,702@gemaire.com,catherine.crowe@gemaire.com,ssetzer@gemaire.com,703@gemaire.com,barry.black@gemaire.com,joseph.deluca@gemaire.com,emily.shannon@gemaire.com,sbauer@gemaire.com,wayne.gerringer@gemaire.com,704@gemaire.com,nsmith@gemaire.com,evan.mcintosh@gemaire.com,cody.cantwell@gemaire.com,705@gemaire.com,gregg.cuesta@gemaire.com,matthew.kirkland@gemaire.com,joseph.bartholomew@gemaire.com,706@gemaire.com,robert.nolen@gemaire.com,achamberlin@gemaire.com,156@gemaire.com,indiantrailsales@gemaire.com,ivalle@gemaire.com,jesus.suarez@gemaire.com,jessica.depena@gemaire.com,116@gemaire.com,whall@gemaire.com,okey.wilson@gemaire.com,chandler.williams@gemaire.com,brant.hoyer@gemaire.com,russell.compton@gemaire.com,yoshiki.mirasol@gemaire.com,708@gemaire.com,lanayah.mccullouch@gemaire.com,jleavy@gemaire.com,matt.waters@gemaire.com,711@gemaire.com,mburner@gemaire.com,712@gemaire.com,monty.hilliard@gemaire.com,gwelty@gemaire.com,lanny.moore@gemaire.com,drew.varner@gemaire.com,713@gemaire.com,mel.paris@gemaire.com,michael.haislip@gemaire.com,709@gemaire.com,pete.lopez@gemaire.com,dylan.goertz@gemaire.com,613@gemaire.com,kevin.smits@gemaire.com,billy.yarbrough@gemaire.com,yara.soto@gemaire.com,631@gemaire.com,brian.decuir@gemaire.com,632@gemaire.com,jhernandez@gemaire.com,633@gemaire.com,christopher.gideon@gemaire.com,cnelson@gemaire.com,brandon.bartolowits@gemaire.com,634@gemaire.com,sabrina.sample@gemaire.com,craig.lemay@gemaire.com,preston.preas@gemaire.com,hunter.foght@gemaire.com,scott.james@gemaire.com,635@gemaire.com,james.robinson@gemaire.com,octavio.zuniga@gemaire.com,jonnathan.colmenarez@gemaire.com,652@gemaire.com,bryan.webb@gemaire.com,craig.reeves@gemaire.com,phil.oglesby@gemaire.com,tgerbec@gemaire.com,653@gemaire.com,cmeyer@gemaire.com,654@gemaire.com,671@gemaire.com,arnold.ramirez@gemaire.com,jose.garcia1@gemaire.com,672@gemaire.com,troy.mcbride@gemaire.com,636@gemaire.com,tina.haas@gemaire.com,638@gemaire.com,sarah.goodman@gemaire.com,jbeaty@gemaire.com,bschinabeck@gemaire.com,106@gemaire.com,714@gemaire.com,811@gemaire.com,812@gemaire.com,813@gemaire.com,815@gemaire.com,817@gemaire.com,821@gemaire.com,822@gemaire.com,823@gemaire.com,824@gemaire.com,bret.macinness@gemaire.com,825@gemaire.com,826@gemaire.com,mshelton@gemaire.com,831@gemaire.com,832@gemaire.com,833@gemaire.com,834@gemaire.com,stiche@gemaire.com,whorbaly@gemaire.com,michael.mccauley@gemaire.com,835@gemaire.com,841@gemaire.com,hlynch@gemaire.com,megan.verbanick@gemaire.com,michael.simmons@gemaire.com,842@gemaire.com,844@gemaire.com,845@gemaire.com,848@gemaire.com,jsindt@gemaire.com,263@gemaire.com,ryan.renshaw@gemaire.com,martin.a.estrada@gemaire.com,henrry.pu@gemaire.com,pj.disharoon@gemaire.com,619@gemaire.com,jerome.flores@gemaire.com,618@gemaire.com,jaime.medina@gemaire.com,eddie.salazar@gemaire.com,bryan.teran@gemaire.com,674@gemaire.com,658@gemaire.com,kmaberry@gemaire.com,657@gemaire.com,richard.greer@gemaire.com,655@gemaire.com,108@gemaire.com,162@gemaire.com,724@gemaire.com,207@gemaire.com,725@gemaire.com,brett.goodrich@gemaire.com,gabriel.babineaux@gemaire.com,rosenbergsales@gemaire.com,118@gemaire.com,846@gemaire.com,cf.rnc@gemaire.com,austinsouthsales@gemaire.com,715@gemaire.com,158@gemaire.com,828@gemaire.com,838@gemaire.com,849@gemaire.com,gonzalessales@gemaire.com,br2sales@gemaire.com,slidellsales@gemaire.com,hammondsales@gemaire.com,lafayettesales@gemaire.com,newiberiasales@gemaire.com,lakecharlessales@gemaire.com,alexandriasales@gemaire.com,natchitochessales@gemaire.com,br3sales@gemaire.com,zacharysales@gemaire.com,mandevillesales@gemaire.com,jacksonsales@gemaire.com,harahansales@gemaire.com,harveysales@gemaire.com,neworleanssales@gemaire.com,harry.ferguson@gemaire.com,587@gemaire.com,588@gemaire.com,hunter.roberts@gemaire.com,660@gemaire.com,marty.salyars@gemaire.com,716@gemaire.com,839@gemaire.com,brett.ponder@gemaire.com,728@gemaire.com,support@gemaire.com",(702) 430-8652,http://www.gemaire.com/
R.F. MacDonald Co.,info@rfmacdonald.com,(702) 220-6680,http://www.rfmacdonald.com/
Honest HVAC Installation Repair Way Cool,info@honesthvaccompany.com,(725) 677-6645,https://honesthvaccompany.com/south-las-vegas-paradise-ac-installation-repair
BFS Home Warranty,sales@browardfactory.com,(702) 798-9720,https://bfshomewarranty.com/
Sunbelt Rentals Climate Control,pcm738@sunbeltrentals.com,(702) 736-6600,https://www.sunbeltrentals.com/location/nv/las-vegas/hvac-dehumidification-rentals/738/?utm_source=gmb&utm_medium=organic&utm_campaign=pc738&y_source=1_MTc2MDU2NzAtNzE1LWxvY2F0aW9uLndlYnNpdGU%3D
Allied Refrigeration Inc,employment@alliedrefrigeration.com,(702) 361-1919,http://www.allied-refrig.com/
R.E. Michel Company,"applicationsupport@remichel.com,david.shaw@remichel.com",(702) 733-7230,https://www.remichel.com/branches/las-vegas-nv-89118-hvac
Innovative Air,lisa@innovativeair.co,(702) 577-3244,http://innovativeair.co/
Nevada Cooler Pad / Air Filter Sales & Service,info@nevadacoolerpad.net,(702) 597-2112,https://nevadacoolerpad.net/
Red Mesa Mechanical,info@redmesabuilders.com,(702) 434-0046,https://www.redmesabuilders.com/
Stay Kool Mechanical,info@staykoollv.com,(702) 518-5665,https://staykoollv.com/
Kingly Services,hello@kinglyservices.com,(702) 747-1867,https://www.kinglyservices.com/
Revere Mechanical LLC,bids@rmplv.com,(702) 389-5745,http://rmplv.com/
Code Blue HVAC,info@codebluehvac.com,(702) 827-1184,https://www.codebluehvac.com/contact/
Royal Refrigeration,contact@royalac.com,(702) 645-3000,http://www.royalac.com/
Southern Nevada Air Conditioning & Heating Inc,joe@southernnevadaac.com,(702) 604-5655,http://www.southernnevadaac.com/
Eco Home Heroes,hello@ecohomeheroes.com,(702) 710-8899,https://ecohomeheroes.com/
Norman S. Wright Mechanical Equipment of Southern Nevada,michael@squarespacewebsites.com,(702) 361-4212,https://normanwright.com/
Holm Electric,"info@holmelectric.com,info-vegas@holmelectric.com",(702) 818-3781,https://holmelectric.com/
Superior duct fabrication,lradcliffe@sdfab.com,(702) 505-9143,http://sdfab.com/
Western Pacific Distributors,info@teamwpd.com,(702) 252-8664,https://www.teamwpd.com/
Neveda plumbing & air,"info@nevedaplumbing.com,support@nevedaplumbing.com",(702) 665-2210,http://www.nevedaplumbing.com/
Duct Master LV,ductmasterlv@gmail.com,(702) 789-8979,https://www.duct-masterlv.com/
Epic Heating & Air Conditioning,barak@epicheatac.com,(702) 608-7317,http://www.epicheatac.com/
Temperature Control Services,gotcsnv@gmail.com,(702) 283-3077,https://tcsnv.org/
Tanana Air Conditioning & Heating,tanana.vegas@gmail.com,(725) 289-4726,https://tanana.vegas/
AGEVAC Heating and Cooling,leo@agevac.com,(702) 720-0161,https://agevac.com/
Air-Right,contact@air-rightnv.com,(702) 979-1519,https://airrightac.com/
AC Repair Las Vegas,info@acrepairslasvegas.com,(702) 979-7770,http://www.acrepairslasvegas.com/
King Cooling & Heating,"eben@eyebytes.com,702coolers@gmail.com",(702) 934-0101,http://kingcoolingandheating.com/
Dependable Air Conditioning,dependableaep@gmail.com,(702) 387-7666,https://www.dependableaeplv.com/
ColdTech Refrigeration,service@cold-tech.com,(702) 438-8081,https://coldtechservices.com/
Frosty Desert Heating & Air,service@frostydesert.com,(702) 800-9449,https://frostydesert.com/?utm_campaign=gmb&utm_medium=organic&utm_source=gmb
Boss Plumbing & HVAC,contact@bossplumbinglv.com,(702) 331-3993,https://www.bossplumbingandhvac.com/
Ideal Services,idealservices@idealservices.com,(702) 396-5225,http://www.idealservices.com/
Aire & Air LLC,info@aireairhc.com,(702) 287-2533,https://www.aireairhc.com/
Cool Temperature HVAC Services,"cooltemperature7@gmail.com,customerservice@cooltemperature.com",,http://www.cooltemperaturehvacservices.com/
Battle Born Air Conditioning & Heating L.L.C.,info@battlebornac.com,(702) 654-4993,http://www.battlebornac.com/
"Cactus Air, LLC",cactusairlv@gmail.com,(702) 331-3330,https://www.cactusairllc.com/
New City Cooling & Heating,ac@ptac.nyc,(914) 229-2001,http://www.newcitycoolingheating.com/
"HVAC FORCE, LLC","eben@eyebytes.com,1hvacforce@gmail.com",(725) 265-2163,http://hvacforcelv.com/
Gilmore Enterprises,67vwac@gmail.com,(727) 573-2944,https://www.gilmore-enterprises.net/
Promethium Limited,info@promethiumltd.com,(702) 473-9682,https://promethiumltd.com/
ProServ Las Vegas,info@proservhome.com,(702) 425-5512,http://proservlv.com/?utm_source=organic&utm_medium=gmb
Titan Air Conditioning & Heating,contact@titanairlv.com,(702) 906-0333,http://titanairlv.com/
Las Vegas Mobile Semi Repair,terryornelas21@gmail.com,(702) 830-3762,https://www.lasvegasmobilesemirepair.com/
"Elite Painting, LLC",elitepaintingllc7@gmail.com,(702) 919-4081,https://www.elitepaintingllcnv.com/
Las Vegas Handymen,sam@lasvegashandymen.com,(702) 690-8811,https://www.lasvegashandymen.com/
J. A. Kennedy Real Estate Company,info@jakennedyrealestate.com,(702) 304-8383,http://www.jakennedyrealestate.com/
A/C Medic Vegas LLC,support@acmedicvegas.com,(702) 729-8885,https://www.acmedicvegas.com/
Comfort Masters Company,paul@comfortmasters.com,(702) 869-8093,https://www.comfortmasters.com/
Doctor Heat Pump,service@doctorheatpump.com,(702) 467-7236,https://doctorheatpump.com/?utm_source=google&utm_medium=organic&utm_campaign=gbp-profile
Vegas Air Pro,contact@vegasairpro.com,(702) 874-4048,https://vegasairpro.com/
Air Shield Heating and Cooling LLC,info@airshieldllc.com,(702) 400-8620,http://www.airshieldllc.com/
Instant Air,"info@www.sunrisehvac.com,info@sunrisehvac.com",(702) 538-5300,https://www.instantac.com/
Express Home Services,support@callexpress.com,(702) 213-4992,http://www.callexpress.com/
Yiddo HVAC & Construction INC,yiddohvac@gmail.com,(702) 722-6488,https://www.yiddoinc.com/
RW Mechanical Inc.,info@rwmechanicalvegas.com,(702) 610-3453,http://rwmechanicalvegas.com/
Las Vegas Mold Testing,lasvegasmoldtesting@gmail.com,(702) 766-8030,https://www.vegasmoldtests.com/
RB Rockwell Brother Air Conditioning Heating & IAQ Experts,ken@rbrockwellbrother.net,(702) 882-7339,https://www.rbrockwellbrothers.com/
Mammoth Air LV,mammothair@gmail.com,(702) 219-2694,http://mammothairlv.com/
Reliable Crane Service,"mike@reliablecraneservice.com,bennett@reliablecraneservice.com",(702) 447-0528,https://www.reliablecraneservice.com/contact/nevada-location
Ace Hardware,"hardware14300@hmstores.com,resumes@mvlhawaii.com",(702) 260-1944,http://www.acehardware.com/store-details/14300?utm_source=google&utm_medium=local&utm_campaign=localmaps&utm_content=14300
City Solutions Mechanical Las Vegas,ma@csmlasvegas.com,(702) 978-9739,http://csmlasvegas.com/
Air Duct LV Heating & Cooling,office@airductlv.com,(702) 766-6086,https://airductlv.com/?utm_campaign=gmb
Vegas Born AC & Appliances LLC,vegasbornacappliances@gmail.com,(702) 994-7414,http://www.vegasbornrepair.com/
Maintenance America,office@maintenanceamericalv.com,(702) 773-8434,https://www.maintenanceamericalv.com/
AB&E Heating and Cooling Las Vegas,abehvac1@gmail.com,(702) 529-5159,https://www.abehvaclv.com/
Double Down Mechanical,doubledownmechanical@gmail.com,(702) 469-4957,http://doubledownmechanical.com/
Desert West,mail@dwsnv.com,(702) 405-6146,http://dwsnv.com/
Infinity Air LLC,service@infinityairllc.com,(702) 489-6452,https://infinityairllc.com/
Air One Heating & Air Conditioning,service@aironehac.com,(702) 384-2471,http://www.aironehac.com/
Larson Air & Plumbing,service@larsonairlv.com,(702) 940-0733,http://www.larsonairlv.com/
AC Hero Las Vegas,contact@acherolasvegas.com,(702) 526-2294,https://www.acherolasvegas.com/?utm_source=google&utm_medium=organic&utm_campaign=gmb
BR Chiller Parts LLC,"impallari@gmail.com,team@latofonts.com,lemonad@jovanny.ru",(702) 985-7558,https://brchillerparts.com/
Durango HVAC Services,durangohvac@gmail.com,(702) 683-4858,https://durangohvac.vegas/
USA Air Conditioning Inc,info@usa-airconditioning.com,(702) 619-8637,https://usa-airconditioning.com/
NonStop Air Heating and Cooling,admin@nonstopairnv.com,(725) 577-9462,https://nonstopairnv.com/
Serv-All Water Conditioning,servalloffice@yahoo.com,(702) 213-2531,http://servallwater.com/
Rakeman Plumbing,servicecall@rakeman.com,(702) 642-8553,https://rakeman.com/
Marvins crane,marvinscrane@gmail.com,(702) 606-1570,http://marvinscrane.com/
M & R Heating and Cooling LLC,support@mrairlv.com,(702) 556-4388,http://mrheatingandcoolingllc.com/
V&W Heating and Air Conditioning,"vnwhac@gmail.com,vwhac.office@gmail.com",(702) 655-6961,https://vwheatingandair.com/
Eco Air LLC,admin@ecoairlv.com,(702) 718-3333,http://ecoairlv.com/
Grays LLC,service@graysllclv.com,(702) 352-3223,https://graysllclv.com/
Arctic Fox Air Conditioning LLC,arcticfoxacnv@gmail.com,(702) 673-6858,http://www.arcticfoxairconditioningnv.com/
"Swift Air, Heating & Refrigeration LLC",dispatch@swiftairlv.com,(702) 688-5564,http://www.swiftairlv.com/
Bratuair LLC,"micah@micahrich.com,impallari@gmail.com,filler@godaddy.com,bratuair@gmail.com",(239) 544-0005,https://bratuair.com/
The Coolest A/C LLC,thecoolestairtx@gmail.com,(725) 264-6780,https://thecoolestac.com/
"Sahara Air Conditioning & Heating, Inc.",info@saharaair.com,(702) 796-9677,https://saharaair.com/
Airsmiths,airsmiths@outlook.com,(725) 314-9424,https://www.airsmithshvac.com/
Fire-N-Ice Heating and Air Conditioning,hvac@firenicelv.com,(702) 395-0071,https://www.fireniceplumbing.com/
5 STAR HOME SERVICES INC,info@5starhomeservicesinc.com,(702) 998-9491,http://5starhomeservicesinc.com/
"Safe Choice HVAC,Plumbing&Electric LLC","andrew@safechoicelv.com,safechoicehvacandelectric@gmail.com",(702) 279-3697,https://safechoicehvacandelectric.com/
Manring Heating And Air,info@manringair.com,(702) 258-5959,http://manringair.com/
LV Air Duct Cleaning,roseroiase333@gmail.com,(702) 820-2007,https://lv-air-duct-cleaning.ueniweb.com/?utm_campaign=gmb
Western Commercial Services,info@westerncommercial.net,(702) 384-7907,http://www.westerncommercial.net/
Paul's Auto Service,paulsautoservice@hotmail.com,(702) 384-7636,https://paulsautoservicelv.com/
Nation Roofing,info@nationroofer.com,(725) 239-9579,https://nationroofer.com/howard-hughes-paradise-roofing-contractor/
Silver Hill heating and air conditioning,silverhillhvac@gmail.com,(702) 786-9683,https://silverhillhvac.com/
Advantage Air,service@advantageairlv.com,(702) 496-5093,https://advantageairlv.com/
Las Vegas Air Duct Cleaning Services,luke@lvductservices.com,(702) 331-4133,http://www.lvductpros.com/
Force Air Inc,info@forceairinc.pro,(702) 296-5819,http://www.forceairinc.pro/
USA Plumbing & Air,info@usaplumbingandair.com,(702) 500-0931,https://usaplumbingandair.com/
E-ZZ Air Duct Services,customercare@ezzairductservices.com,(702) 859-0492,https://ezzairductservices.com/
"Desert Valley Heating & Cooling, LLC","desertvalleyhvac@gmail.com,office.dvhc@gmail.com",(702) 539-2801,https://desertvalleyhvac.com/?utm_source=google&utm_medium=gbp&utm_campaign=local_seo
No Sweat Air Conditioning,service@nosweataclv.com,(702) 333-0477,https://www.nosweataclv.com/
Solution Air LLC,solutionairllc@gmail.com,(702) 846-9088,https://solutionairllc.com/
Sunrise Service LLC,info@sunrisehvac.com,(702) 605-7445,https://www.sunrisehvac.com/?utm_source=google&utm_medium=organic&utm_campaign=gbp-listing
Carl's Air Conditioning & Plumbing,contact@carlsair.com,(702) 470-0932,https://carlsair.com/
DP Air Las Vegas / Henderson,info@dpair.com,(702) 798-4564,http://www.dpair.com/
Pipe Pros Plumbing & Mechanical,service@pipeproslv.com,(702) 276-6534,http://pipeproslasvegas.com/
All in Heating and Air,info@allinhvaclv.com,(702) 858-5787,https://allinhvaclv.com/
Controlled Comfort,customer.service@controlledcomfortlv.com,(702) 547-4002,https://www.controlledcomfortlv.com/
National Technical Institute,info@ntitraining.com,(702) 948-9000,http://www.ntitraining.com/
"Callidus Air - Henderson HVAC Contractors | Air Conditioning, Cooling, & Heating","taylor@callidusinnovations.com,brandon@callidusinnovations.com",(702) 467-0562,https://callidusair.com/
"Freeze Zone Heating & Cooling, LLC",freezezone702@gmail.com,(702) 883-2332,https://freezezonehvac.com/?utm_campaign=gmb
"Callidus Electric - The Best Electrician, Electrical Contractor, 24/7 Service","service@calliduselectric.com,info@calliduselectric.com,tparlanti@calliduselectric.com",(702) 403-4562,https://calliduselectric.com/
E T & M Refrigeration,sebastian@aldusleaf.org,(702) 564-3511,https://etmrefrigeration.com/
Edgar's Services,esiairnheat@icloud.com,(702) 257-8922,http://www.esiheatingnair.com/
Airbender A/C & Heating,service@airbenderac.com,(702) 400-6873,https://www.airbenderac.com/
Lin Air Installation Co. Inc,office@lin-air.com,(702) 732-2608,https://www.lin-air.com/
"24/7 Heating, AC & Plumbing",hvac@247recon.com,(702) 247-2477,https://www.247hvacnow.com/
H B Heating and cooling,"hbheatingandcooling.23@gmail.com,hbheatingandcooling.nv@gmail.com",(725) 249-6762,http://www.hbheatingcooling.com/?utm_source=gmb
Air Magic LLC,admin@airodigital.com,(702) 849-9900,https://airmagicllc.com/
Ground Up Professional Home Inspections,info@grounduphomeinsp.com,(702) 524-8586,https://grounduphomeinsp.com/about.html
PHCC of NV,"officemanager@phccnv.com,jkrahenbuhl@phccnv.com,admin@phccnv.com",(702) 252-0166,http://www.phccnv.com/
A/Cvedo Cooling & Heating,acvedocool.heat@gmail.com,(702) 713-3862,http://acvedocooling.com/
Pioneer Air,info@pioneerairlv.com,(702) 825-3053,https://pioneerairlv.com/
Doctor Cool,info@drcoolservices.com,(702) 873-1800,http://drcoolservices.com/
A Plus Heating & Cooling,info@aplushvaclv.com,(702) 643-8000,http://aplushvaclv.com/
Alaskan Plumbing Heating & Air,support@alaskanquality.com,(725) 525-7844,https://alaskanquality.com/paradise/?utm_source=google&utm_medium=campaign&utm_id=gbp
Fluxho Services,needhelp@fluxho.com,(702) 934-3653,https://fluxho.com/
Spotless Ducts,spotlessductslv@gmail.com,(702) 819-7734,https://www.lvairductcleaning.com/
Save On Air Conditioning & Plumbing Repair,info@saveonairconditioning.com,(702) 358-0690,https://saveonairconditioning.com/
"Snow Frosty Heating & Air Conditioning, Inc.",service@snowfrosty.com,(702) 437-7879,http://snowfrostyair.com/
Monarch Hvac Services LLC,contact@sansoxygen.com,(702) 510-8652,http://monarchhvaclv.com/
Desert Cold,sales@desertcold.com,(702) 849-0084,https://www.desertcold.com/contact/
Elite Building & Mechanical LLC,elitebuildingnv@gmail.com,(725) 253-8888,https://elitebuildingandmechanical.com/
Las Vegas Spot Cooler & A/C Rentals,southernspotcoolers@gmail.com,(310) 912-5509,http://www.southernspotcoolers.com/
Desert Breeze A/C Las Vegas Heating Cooling & Refrigeration Services.,desertbreezecooling@gmail.com,(702) 557-0659,https://deserbreezeac.b12sites.com/
Nevada State Contractors Board,"customerservice@nscb.state.nv.us,investigations@nscb.state.nv.us,bonds@nscb.state.nv.us,classdetermination@nscb.state.nv.us",(702) 486-1100,http://www.nscb.nv.gov/
TJK Consulting Engineers,contact-tjk@tjkengineers.com,(702) 871-3621,http://www.tjkengineers.com/
Master Finishes LLc,masterfinish.lv@gmail.com,(775) 224-1141,http://www.masterfinisheslv.com/
AC Captain,accaptainllc@gmail.com,(702) 355-4757,https://accaptain.com/
"DNA ​Air Conditioning & Heating, LLC",dna@hvacdna.com,(702) 562-1205,http://hvacdna.com/
Las Vegas Air Duct LLC,info@vegasairducts.com,(702) 500-0996,http://vegasairducts.com/
