Name,Website,Email Outreach
Simply Cooling Heating & Plumbing,https://simplyairconditioningandheating.com/,False
Sun City Heating & Cooling Inc,http://www.suncityheatingandcooling.com/?utm_source=gbp&utm_medium=organic&utm_campaign=website-link,False
Hot Cold Air Inc.,http://vegashotcoldair.com/,False
Hollywood Air HVAC Heating & Cooling,https://hollywoodairhvac.com/,False
Allstate HVAC Las Vegas,https://allstateservicegroup.com/air-conditioning/,False
Air Pro Master Air Conditioning Repair & Installation,https://airpromaster.com/,False
ProZone Air Conditioning and Heating Repair,https://www.prozone.vegas/,False
Air Tech,http://www.airtech1llc.com/,False
Air Done Right,http://www.airdonerightlv.com/,False
Fast Affordable Air,http://fastaffordableair.com/,False
"Discount Air Conditioning & Heating, Inc",https://www.discountairlv.com/,False
"Hawthorne Plumbing, Heating and Cooling",https://www.hawthornephc.com/,False
Sky Air & Heat,https://www.skyairlv.com/,False
ICE Heating Cooling & Plumbing Repair Las Vegas,https://www.iceaclv.com/,False
The Future Of Heating and Cooling LLC,https://tfohcooling.com/,False
Mastermind Heating And Air,http://www.mastermindheatingandair.com/,False
Mr. Gates Heating and Cooling,http://www.mrgateshvac.com/,False
Air Treatment Corporation,https://www.airtreatment.com/,False
Go Green Heating & Cooling,https://gogreenvegas.com/?utm_source=Google&utm_medium=SERP&utm_campaign=GMB,False
EVM Heating & Cooling LLC,http://evmheatingandcooling.com/,False
Airmaster,http://www.airmasterlv.com/,False
BruceAC Cooling & Heating & AC repair & AC installation,http://bruceac.com/,False
iCool Heating & Cooling,https://icoolvegas.com/,False
Reliant Plumbing Heating and Air,http://relianthomeserviceshvacandplumbing.jobbersites.com/,False
"Breezy Blast, LLC",https://www.breezyblast.com/,False
EFA Air Conditioning and Heating,https://acrepairhenderson.com/,False
Nevada pure air,https://nevadapureair.com/,False
Xcellence Cooling and Heating,https://xcellencecoolingandheating.com/contact-us/,False
Sonic Air,https://sonicairlv.com/,False
King Solomon Air Duct Vegas,https://airductvegas.com/,False
Ricky's Repair Services,https://rickys-repair-services.ueniweb.com/?utm_campaign=gmb,False
FrostFire,https://frostfirelv.com/,False
I am Mechanics,https://www.iammechanicslv.com/,False
AC PLUS,http://acpluslv.com/,False
High Temp Air Conditioning Inc.,http://hightempair.com/,False
Technoclima LLC.,https://technoclimalv.com/,False
Covenant Mechanical Services,https://www.covenantmechanical.com/,False
ClearView HVAC,https://clearviewhvac.com/,False
"Climate Concierge, LLC",https://climate-concierge.com/,False
Air Care Heating & Cooling LLC.,http://aircarelasvegas.com/,False
Reliance Heating & Cooling,http://reliancecoollv.com/,False
Sun Valley Air LLC,http://www.sunvalleyairhvac.com/,False
"Drymaxxair Solutions, LLC",https://drymaxxair.com/,False
Gold Medal Service,https://www.goldmedalair.com/,False
Dali Heating & Air Conditioning,https://www.dalicools.com/,False
ASE HVACR,http://fixmyac.vegas/,False
Heating & Cooling Supply,https://www.heatingandcooling.com/,False
Padillas Services,https://padillasservices.com/contact,False
"Bishop Air Service | Air Conditioning, Heating & Refrigeration Service Las Vegas",https://www.bishopair.com/,False
"Desert Comfort AC & Heating, LLC",https://www.desertcomfortac.com/,False
Horizon Air,https://www.horizonairlv.com/,False
ACE Air Conditioning & Heating,http://aceairlv.com/,False
One Hour Air Conditioning & Heating® of Las Vegas,https://www.onehourheatandair.com/las-vegas/?utm_source=organic&utm_medium=GBP&utm_campaign=gbp_main,False
Right Now Air,https://www.rightnowair.com/?utm_source=google&utm_medium=organic&utm_campaign=gbp,False
"TJ Air Conditioning, Heating And Refrigeration",http://www.tjairvegas.com/,False
snarsca,http://www.snarsca.com/Contact,False
A-Tech Heating & Cooling,http://www.a-techheatingandcooling.com/,False
"Mechanical Plus, LLC",https://www.mechanicalplushvac.com/?utm_campaign=gmb,False
Bob's Repair Solar Las Vegas,https://solar.bobsrepair.com/,False
Henderson Air Duct Cleaning,https://hendersonairduct.com/?y_source=1_MTAxNjkyNTI2OS03MTUtbG9jYXRpb24ud2Vic2l0ZQ%3D%3D,False
Premier HVAC Services,https://premierhvaclv.com/,False
Corporate Air Mechanical Services (CAMS),http://www.camslv.com/,False
Active Plumbing & Air Conditioning,https://activeplumbingandair.com/,False
Vegas Knight Air AC & Heating,https://vegasknightair.com/,False
Axis Portable Air,https://www.axisair.com/,False
Heating & Cooling Supply,http://www.gemaire.com/,False
R.F. MacDonald Co.,http://www.rfmacdonald.com/,False
Allied Refrigeration Inc,http://www.allied-refrig.com/,False
R.E. Michel Company,https://www.remichel.com/branches/las-vegas-nv-89118-hvac,False
Nevada Cooler Pad / Air Filter Sales & Service,https://nevadacoolerpad.net/,False
Red Mesa Mechanical,https://www.redmesabuilders.com/,False
Kingly Services,https://www.kinglyservices.com/,False
Code Blue HVAC,https://www.codebluehvac.com/contact/,False
Southern Nevada Air Conditioning & Heating Inc,http://www.southernnevadaac.com/,False
Eco Home Heroes,https://ecohomeheroes.com/,False
Holm Electric,https://holmelectric.com/,False
Superior duct fabrication,http://sdfab.com/,False
Duct Master LV,https://www.duct-masterlv.com/,False
Tanana Air Conditioning & Heating,https://tanana.vegas/,False
King Cooling & Heating,http://kingcoolingandheating.com/,False
Dependable Air Conditioning,https://www.dependableaeplv.com/,False
Frosty Desert Heating & Air,https://frostydesert.com/?utm_campaign=gmb&utm_medium=organic&utm_source=gmb,False
Aire & Air LLC,https://www.aireairhc.com/,False
Cool Temperature HVAC Services,http://www.cooltemperaturehvacservices.com/,False
Battle Born Air Conditioning & Heating L.L.C.,http://www.battlebornac.com/,False
Gilmore Enterprises,https://www.gilmore-enterprises.net/,False
ProServ Las Vegas,http://proservlv.com/?utm_source=organic&utm_medium=gmb,False
Las Vegas Mobile Semi Repair,https://www.lasvegasmobilesemirepair.com/,False
Las Vegas Handymen,https://www.lasvegashandymen.com/,False
Comfort Masters Company,https://www.comfortmasters.com/,False
Vegas Air Pro,https://vegasairpro.com/,False
Instant Air,https://www.instantac.com/,False
RB Rockwell Brother Air Conditioning Heating & IAQ Experts,https://www.rbrockwellbrothers.com/,False
Reliable Crane Service,https://www.reliablecraneservice.com/contact/nevada-location,False
Ace Hardware,http://www.acehardware.com/store-details/14300?utm_source=google&utm_medium=local&utm_campaign=localmaps&utm_content=14300,False
City Solutions Mechanical Las Vegas,http://csmlasvegas.com/,False
Larson Air & Plumbing,http://www.larsonairlv.com/,False
AC Hero Las Vegas,https://www.acherolasvegas.com/?utm_source=google&utm_medium=organic&utm_campaign=gmb,False
BR Chiller Parts LLC,https://brchillerparts.com/,False
Durango HVAC Services,https://durangohvac.vegas/,False
USA Air Conditioning Inc,https://usa-airconditioning.com/,False
Marvins crane,http://marvinscrane.com/,False
M & R Heating and Cooling LLC,http://mrheatingandcoolingllc.com/,False
Eco Air LLC,http://ecoairlv.com/,False
Bratuair LLC,https://bratuair.com/,False
The Coolest A/C LLC,https://thecoolestac.com/,False
"Sahara Air Conditioning & Heating, Inc.",https://saharaair.com/,False
Airsmiths,https://www.airsmithshvac.com/,False
5 STAR HOME SERVICES INC,http://5starhomeservicesinc.com/,False
"Safe Choice HVAC,Plumbing&Electric LLC",https://safechoicehvacandelectric.com/,False
LV Air Duct Cleaning,https://lv-air-duct-cleaning.ueniweb.com/?utm_campaign=gmb,False
Western Commercial Services,http://www.westerncommercial.net/,False
Paul's Auto Service,https://paulsautoservicelv.com/,False
USA Plumbing & Air,https://usaplumbingandair.com/,False
E-ZZ Air Duct Services,https://ezzairductservices.com/,False
"Desert Valley Heating & Cooling, LLC",https://desertvalleyhvac.com/?utm_source=google&utm_medium=gbp&utm_campaign=local_seo,False
Solution Air LLC,https://solutionairllc.com/,False
Sunrise Service LLC,https://www.sunrisehvac.com/?utm_source=google&utm_medium=organic&utm_campaign=gbp-listing,False
Carl's Air Conditioning & Plumbing,https://carlsair.com/,False
DP Air Las Vegas / Henderson,http://www.dpair.com/,False
Pipe Pros Plumbing & Mechanical,http://pipeproslasvegas.com/,False
Controlled Comfort,https://www.controlledcomfortlv.com/,False
National Technical Institute,http://www.ntitraining.com/,False
"Freeze Zone Heating & Cooling, LLC",https://freezezonehvac.com/?utm_campaign=gmb,False
Airbender A/C & Heating,https://www.airbenderac.com/,False
H B Heating and cooling,http://www.hbheatingcooling.com/?utm_source=gmb,False
Air Magic LLC,https://airmagicllc.com/,False
Ground Up Professional Home Inspections,https://grounduphomeinsp.com/about.html,False
A/Cvedo Cooling & Heating,http://acvedocooling.com/,False
Pioneer Air,https://pioneerairlv.com/,False
Alaskan Plumbing Heating & Air,https://alaskanquality.com/paradise/?utm_source=google&utm_medium=campaign&utm_id=gbp,False
Spotless Ducts,https://www.lvairductcleaning.com/,False
"Snow Frosty Heating & Air Conditioning, Inc.",http://snowfrostyair.com/,False
Monarch Hvac Services LLC,http://monarchhvaclv.com/,False
Desert Cold,https://www.desertcold.com/contact/,False
Las Vegas Spot Cooler & A/C Rentals,http://www.southernspotcoolers.com/,False
Desert Breeze A/C Las Vegas Heating Cooling & Refrigeration Services.,https://deserbreezeac.b12sites.com/,False
Nevada State Contractors Board,http://www.nscb.nv.gov/,False
Master Finishes LLc,http://www.masterfinisheslv.com/,False
"DNA ​Air Conditioning & Heating, LLC",http://hvacdna.com/,False
Las Vegas Air Duct LLC,http://vegasairducts.com/,False
